グループID,重複数,言語,ID,問題文
1,10,IQ,702,"A>B、B>Cのとき、AとCの関係は？"
1,10,IQ,703,"A>B、B>Cのとき、AとCの関係は？"
1,10,IQ,704,"A>B、B>Cのとき、AとCの関係は？"
1,10,IQ,705,"A>B、B>Cのとき、AとCの関係は？"
1,10,IQ,706,"A>B、B>Cのとき、AとCの関係は？"
1,10,IQ,707,"A>B、B>Cのとき、AとCの関係は？"
1,10,IQ,708,"A>B、B>Cのとき、AとCの関係は？"
1,10,IQ,709,"A>B、B>Cのとき、AとCの関係は？"
1,10,IQ,710,"A>B、B>Cのとき、AとCの関係は？"
1,10,IQ,711,"A>B、B>Cのとき、AとCの関係は？"
2,5,IQ,672,"論理AND回路：A=1, B=1のとき出力は？"
2,5,IQ,674,"論理AND回路：A=1, B=1のとき出力は？"
2,5,IQ,676,"論理AND回路：A=1, B=1のとき出力は？"
2,5,IQ,678,"論理AND回路：A=1, B=1のとき出力は？"
2,5,IQ,680,"論理AND回路：A=1, B=1のとき出力は？"
3,5,IQ,673,"論理AND回路：A=1, B=0のとき出力は？"
3,5,IQ,675,"論理AND回路：A=1, B=0のとき出力は？"
3,5,IQ,677,"論理AND回路：A=1, B=0のとき出力は？"
3,5,IQ,679,"論理AND回路：A=1, B=0のとき出力は？"
3,5,IQ,681,"論理AND回路：A=1, B=0のとき出力は？"
4,4,PHP,1151,"クラスの定義方法は？"
4,4,Ruby,1915,"クラスの定義方法は？"
4,4,Kotlin,2122,"クラスの定義方法は？"
4,4,Swift,2223,"クラスの定義方法は？"
5,4,Java,1491,"配列の宣言方法は？"
5,4,C#,1618,"配列の宣言方法は？"
5,4,Go,1843,"配列の宣言方法は？"
5,4,VBA,1977,"配列の宣言方法は？"
6,4,Ruby,1913,"mapメソッドの役割は？"
6,4,Rust,2084,"mapメソッドの役割は？"
6,4,Kotlin,2147,"mapメソッドの役割は？"
6,4,Swift,2216,"mapメソッドの役割は？"
7,3,JavaScript,776,"super() の役割は？"
7,3,Python,825,"super() の役割は？"
7,3,Ruby,1922,"superの役割は？"
8,3,JavaScript,793,"finallyブロックの実行タイミングは？"
8,3,Python,874,"finally ブロックの実行タイミングは？"
8,3,PHP,1173,"finally ブロックの実行タイミングは？"
9,3,PHP,1131,"関数の定義方法は？"
9,3,Kotlin,2112,"関数の定義方法は？"
9,3,Swift,2202,"関数の定義方法は？"
10,3,C#,1679,"ジェネリッククラスの定義は？"
10,3,TypeScript,1766,"ジェネリッククラスの定義は？"
10,3,Kotlin,2162,"ジェネリッククラスの定義は？"
11,3,TypeScript,1764,"ジェネリック関数の定義は？"
11,3,Rust,2057,"ジェネリック関数の定義は？"
11,3,Swift,2242,"ジェネリック関数の定義は？"
12,3,Go,1815,"定数の宣言方法は？"
12,3,VBA,1948,"定数の宣言方法は？"
12,3,Rust,2024,"定数の宣言方法は？"
13,3,Go,1837,"可変長引数の定義は？"
13,3,Kotlin,2116,"可変長引数の定義は？"
13,3,Swift,2206,"可変長引数の定義は？"
14,3,Go,1840,"メソッドの定義方法は？"
14,3,Ruby,1900,"メソッドの定義方法は？"
14,3,Rust,2045,"メソッドの定義方法は？"
15,3,Ruby,1892,"if文の基本形は？"
15,3,VBA,1957,"If文の基本形は？"
15,3,COBOL,2011,"IF文の基本形は？"
16,3,Ruby,1901,"デフォルト引数の記述は？"
16,3,Kotlin,2114,"デフォルト引数の記述は？"
16,3,Swift,2205,"デフォルト引数の記述は？"
17,3,Rust,2085,"filterメソッドの役割は？"
17,3,Kotlin,2146,"filterメソッドの役割は？"
17,3,Swift,2217,"filterメソッドの役割は？"
18,2,Ruby,222,"Rubyでメソッド名の最後に?を付ける慣習は何を意味しますか？"
18,2,Ruby,223,"Rubyでメソッド名の最後に!を付ける慣習は何を意味しますか？"
19,2,IQ,682,"サイコロを1回振って2が出る確率は？"
19,2,IQ,688,"サイコロを1回振って2が出る確率は？"
20,2,IQ,683,"サイコロを1回振って3が出る確率は？"
20,2,IQ,689,"サイコロを1回振って3が出る確率は？"
21,2,IQ,684,"サイコロを1回振って4が出る確率は？"
21,2,IQ,690,"サイコロを1回振って4が出る確率は？"
22,2,IQ,685,"サイコロを1回振って5が出る確率は？"
22,2,IQ,691,"サイコロを1回振って5が出る確率は？"
23,2,JavaScript,778,"instanceof 演算子の役割は？"
23,2,Java,1561,"instanceof演算子の役割は？"
24,2,JavaScript,789,"デフォルト引数の書き方は？"
24,2,PHP,1133,"デフォルト引数の書き方は？"
25,2,Python,804,"break文の役割は？"
25,2,PHP,1116,"break文の役割は？"
26,2,Python,805,"continue文の役割は？"
26,2,PHP,1117,"continue文の役割は？"
27,2,Python,897,"10 % 3 の結果は？"
27,2,PHP,1105,"10 % 3 の結果は？"
28,2,Python,944,"抽象クラスの特徴は？"
28,2,Java,1554,"抽象クラスの特徴は？"
29,2,Python,997,"SQLインジェクション対策は？"
29,2,Python,1067,"SQLインジェクション対策は？"
30,2,Python,1007,"DISTINCT の役割は？"
30,2,C#,1700,"Distinct()の役割は？"
31,2,Python,1013,"SUM() の役割は？"
31,2,C#,1696,"Sum()の役割は？"
32,2,PHP,1119,"do-while文の特徴は？"
32,2,Java,1490,"do-while文の特徴は？"
33,2,PHP,1123,"count() の役割は？"
33,2,C#,1693,"Count()の役割は？"
34,2,PHP,1172,"throw の役割は？"
34,2,C#,1702,"throw の役割は？"
35,2,Java,1492,"配列の初期化方法は？"
35,2,C#,1619,"配列の初期化方法は？"
36,2,Java,1495,"多次元配列の宣言は？"
36,2,C#,1620,"多次元配列の宣言は？"
37,2,Java,1502,"メソッドのオーバーロードとは？"
37,2,C#,1626,"メソッドのオーバーロードとは？"
38,2,Java,1511,"String型は不変（immutable）？"
38,2,C#,1611,"string型は不変（immutable）？"
39,2,Java,1523,"コンストラクタの特徴は？"
39,2,C#,1639,"コンストラクタの特徴は？"
40,2,Java,1525,"thisキーワードの役割は？"
40,2,C#,1640,"thisキーワードの役割は？"
41,2,Java,1533,"継承のキーワードは？"
41,2,C#,1656,"継承のキーワードは？"
42,2,Java,1543,"インターフェースの定義キーワードは？"
42,2,C#,1664,"インターフェースの定義キーワードは？"
43,2,Java,1587,"throwsキーワードの役割は？"
43,2,Swift,2253,"throwsキーワードの役割は？"
44,2,Java,1588,"カスタム例外の作成方法は？"
44,2,C#,1703,"カスタム例外の作成方法は？"
45,2,Java,1591,"ジェネリクスの用途は？"
45,2,C#,1678,"ジェネリクスの用途は？"
46,2,Java,1596,"ラムダ式の構文は？"
46,2,C#,1673,"ラムダ式の構文は？"
47,2,C#,1661,"abstract クラスの特徴は？"
47,2,TypeScript,1785,"abstractクラスの特徴は？"
48,2,TypeScript,1774,"型アサーションの記述は？"
48,2,Go,1859,"型アサーションの記述は？"
49,2,Go,1844,"スライスの作成方法は？"
49,2,Rust,2039,"スライスの作成方法は？"
50,2,Go,1880,"panicの用途は？"
50,2,Rust,2052,"panic!の用途は？"
51,2,Ruby,1907,"ブロック引数の記述は？"
51,2,Ruby,1934,"ブロック引数の記述は？"
52,2,Ruby,1921,"継承の記述方法は？"
52,2,Kotlin,2129,"継承の記述方法は？"
53,2,VBA,1961,"Stepキーワードの役割は？"
53,2,Kotlin,2111,"stepキーワードの役割は？"
54,2,Rust,2028,"タプルの定義は？"
54,2,Swift,2187,"タプルの定義は？"
55,2,Rust,2042,"構造体の定義方法は？"
55,2,Swift,2222,"構造体の定義方法は？"
56,2,Rust,2047,"列挙型の定義は？"
56,2,Swift,2245,"列挙型の定義は？"
57,2,Rust,2061,"where句の用途は？"
57,2,Swift,2200,"where句の用途は？"
58,2,Rust,2077,"クロージャの基本記法は？"
58,2,Swift,2208,"クロージャの基本記法は？"
59,2,Kotlin,2148,"flatMapの用途は？"
59,2,Swift,2220,"flatMapの用途は？"
60,2,Kotlin,2149,"reduceメソッドの役割は？"
60,2,Swift,2218,"reduceメソッドの役割は？"
61,2,Swift,2256,"try?の効果は？"
61,2,Swift,2257,"try!の効果は？"
